Const,Your Rating,Date Rated,Title,Original Title,URL,Title Type,IMDb Rating,Runtime (mins),Year,Genres,Num Votes,Release Date,Directors
tt30472557,10,2026-03-06,"Chainsaw Man - The Movie: Reze Arc","Gekijô-ban Chensô Man Reze-hen",https://www.imdb.com/title/tt30472557,Film,8.3,100,2025,"Animation, Action, Abenteuer, Fantasy, Thriller, Komödie, Liebesfilm",48333,"2025-10-30","Tatsuya Yoshihara"
tt13616990,10,2026-02-16,"Chainsaw Man","Chainsaw Man",https://www.imdb.com/title/tt13616990,Fernsehserie,8.3,24,2022,"Animation, Action, Komödie, Fantasy",98254,"2022-10-11",
tt32916440,9,2026-02-15,"Marty Supreme","Marty Supreme",https://www.imdb.com/title/tt32916440,Film,7.8,149,2025,"Drama, Sportfilm",120530,"2026-02-26","Josh Safdie"
tt3158246,10,2026-02-08,"Space Dandy","Space Dandy",https://www.imdb.com/title/tt3158246,Fernsehserie,8.0,24,2014,"Animation, Abenteuer, Komödie, Science-Fiction",5257,"2014-01-07",
tt22202452,10,2026-01-18,"Pluribus","Pluribus",https://www.imdb.com/title/tt22202452,Fernsehserie,8.0,60,2025,"Drama, Science-Fiction",135454,"2025-11-07",
tt2560140,10,2026-01-17,"Attack on Titan","Shingeki no kyojin",https://www.imdb.com/title/tt2560140,Fernsehserie,9.1,24,2013,"Animation, Fantasy, Horror, Abenteuer, Drama, Action",698050,"2017-05-05",
tt0103855,3,2026-01-07,"Bodyguard","The Bodyguard",https://www.imdb.com/title/tt0103855,Film,6.4,129,1992,"Musikfilm, Liebesfilm, Thriller, Drama",158623,"1993-01-07","Mick Jackson"
tt1757678,8,2025-12-30,"Avatar: Fire and Ash","Avatar: Fire and Ash",https://www.imdb.com/title/tt1757678,Film,7.4,197,2025,"Animation, Fantasy, Science-Fiction, Action, Abenteuer",134837,"2025-12-17","James Cameron"
tt7181546,6,2025-11-08,"Ballerina","Ballerina",https://www.imdb.com/title/tt7181546,Film,6.8,124,2025,"Action, Thriller",141581,"2025-06-05","Len Wiseman"
tt14205554,9,2025-10-30,"KPop Demon Hunters","K-Pop Demon Hunters",https://www.imdb.com/title/tt14205554,Film,7.5,95,2025,"Animation, Musical, Action, Abenteuer, Fantasy, Musikfilm, Komödie, Familienfilm",122951,"2025-06-20","Chris Appelhans,Maggie Kang"
tt32634838,9,2025-10-07,"Smiling Friends: Silly Samuel","Smiling Friends: Silly Samuel",https://www.imdb.com/title/tt32634838,Fernsehepisode,8.1,11,2025,"Animation, Kurzfilm, Komödie",1953,"2025-11-17","David Hootselle,Michael Cusack,Aron Fromm,Zach Hadel"
tt36985473,10,2025-08-13,"The Wonderfully Weird World of Gumball","The Wonderfully Weird World of Gumball",https://www.imdb.com/title/tt36985473,Fernsehserie,8.5,11,2025,"Animation, Kurzfilm, Abenteuer, Komödie, Science-Fiction, Familienfilm, Fantasy",4053,"2025-10-06",
tt0121955,10,2025-08-13,"South Park","South Park",https://www.imdb.com/title/tt0121955,Fernsehserie,8.7,22,1997,"Animation, Komödie",441829,"1999-09-05",
tt26764413,10,2025-08-04,"South Park: Sermon on the 'Mount","South Park: Sermon on the 'Mount",https://www.imdb.com/title/tt26764413,Fernsehepisode,9.3,22,2025,"Animation, Komödie",14299,"2025-07-27","Trey Parker"
tt0105236,9,2025-08-02,"Reservoir Dogs - Wilde Hunde","Reservoir Dogs",https://www.imdb.com/title/tt0105236,Film,8.3,99,1992,"Krimi, Thriller",1164616,"1992-09-10","Quentin Tarantino"
tt14577874,7,2025-07-07,"Zeig mir, wer du bist","It's What's Inside",https://www.imdb.com/title/tt14577874,Film,6.6,103,2024,"Komödie, Mystery, Science-Fiction, Thriller",50485,"2024-10-04","Greg Jardin"
tt16311594,6,2025-06-29,"F1","F1",https://www.imdb.com/title/tt16311594,Film,7.6,155,2025,"Sportfilm, Drama, Action",327383,"2025-06-26","Joseph Kosinski"
tt36663027,8,2025-05-26,"Love, Death & Robots: The Other Large Thing","Love, Death & Robots: The Other Large Thing",https://www.imdb.com/title/tt36663027,Fernsehepisode,7.0,9,2025,"Animation, Kurzfilm, Komödie, Fantasy, Horror, Science-Fiction, Action, Abenteuer, Drama, Mystery, Thriller",7294,"2025-05-15","Patrick Osborne"
tt2272367,9,2025-04-26,"Loiter Squad","Loiter Squad",https://www.imdb.com/title/tt2272367,Fernsehserie,7.0,11,2012,"Komödie",2813,"2012-03-25",
tt9253284,10,2025-04-26,"Andor","Andor",https://www.imdb.com/title/tt9253284,Fernsehserie,8.6,60,2022,"Science-Fiction, Thriller, Action, Abenteuer, Fantasy, Drama",270460,"2022-09-21",
tt13622776,1,2025-04-25,"Ahsoka","Ahsoka",https://www.imdb.com/title/tt13622776,Fernsehserie,7.4,50,2023,"Action, Abenteuer, Fantasy, Science-Fiction",139344,"2023-08-23",
tt15875168,10,2025-04-17,"Mo","Mo",https://www.imdb.com/title/tt15875168,Fernsehserie,7.9,27,2022,"Komödie, Drama",19068,"2022-08-24",
tt31790091,10,2025-04-14,"Black Mirror: Hotel Reverie","Black Mirror: Hotel Reverie",https://www.imdb.com/title/tt31790091,Fernsehepisode,6.6,76,2025,"Drama, Thriller, Science-Fiction, Mystery, Krimi",32656,"2025-04-10","Haolu Wang"
tt31215636,9,2025-04-13,"Black Mirror: Plaything","Black Mirror: Plaything",https://www.imdb.com/title/tt31215636,Fernsehepisode,7.1,45,2025,"Drama, Thriller, Science-Fiction, Mystery, Krimi",26149,"2025-04-10","David Slade"
tt31790114,7,2025-04-13,"Black Mirror: Bête Noire","Black Mirror: Bête Noire",https://www.imdb.com/title/tt31790114,Fernsehepisode,7.2,49,2025,"Drama, Thriller, Science-Fiction, Mystery, Krimi",31394,"2025-04-10","Toby Haynes"
tt31790115,8,2025-04-13,"Black Mirror: USS Callister: Into Infinity","Black Mirror: USS Callister: Into Infinity",https://www.imdb.com/title/tt31790115,Fernsehepisode,8.1,89,2025,"Drama, Thriller, Science-Fiction, Mystery, Krimi",23984,"2025-04-10","Toby Haynes"
tt31790112,10,2025-04-13,"Black Mirror: Eulogy","Black Mirror: Eulogy",https://www.imdb.com/title/tt31790112,Fernsehepisode,8.1,46,2025,"Drama, Thriller, Science-Fiction, Mystery, Krimi",30232,"2025-04-10","Christopher Barrett,Luke Taylor"
tt30127325,10,2025-04-13,"Black Mirror: Common People","Black Mirror: Common People",https://www.imdb.com/title/tt30127325,Fernsehepisode,8.1,56,2025,"Drama, Thriller, Science-Fiction, Mystery, Krimi",38823,"2025-04-10","Ally Pankiw"
tt5710978,10,2025-04-08,"Black Mirror: Hang the DJ","Black Mirror: Hang the DJ",https://www.imdb.com/title/tt5710978,Fernsehepisode,8.7,51,2017,"Drama, Thriller, Science-Fiction, Mystery, Krimi",69012,"2017-12-29","Timothy Van Patten"
tt6208148,1,2025-04-05,"Schneewittchen","Snow White",https://www.imdb.com/title/tt6208148,Film,2.2,109,2025,"Musical, Familienfilm, Fantasy, Abenteuer, Liebesfilm",394329,"2025-03-20","Marc Webb"
tt5058700,10,2025-03-26,"Black Mirror: Black Museum","Black Mirror: Black Museum",https://www.imdb.com/title/tt5058700,Fernsehepisode,8.6,69,2017,"Drama, Thriller, Science-Fiction, Mystery, Krimi",58304,"2017-12-29","Colm McCarthy"
tt0327597,10,2025-03-26,"Coraline","Coraline",https://www.imdb.com/title/tt0327597,Film,7.8,100,2009,"Animation, Fantasy, Drama, Familienfilm",298098,"2009-08-13","Henry Selick"
tt30217222,6,2025-03-23,"Achtsam Morden","Achtsam Morden",https://www.imdb.com/title/tt30217222,Fernsehserie,7.4,30,2024,"Krimi, Thriller, Komödie, Mystery",11592,"2024-10-31",
tt12299608,8,2025-03-06,"Mickey 17","Mickey 17",https://www.imdb.com/title/tt12299608,Film,6.7,137,2025,"Science-Fiction, Abenteuer, Fantasy, Komödie",236711,"2025-03-06","Bong Joon Ho"
tt0113568,8,2025-02-22,"Ghost in the Shell","Kôkaku kidôtai",https://www.imdb.com/title/tt0113568,Film,7.9,83,1995,"Animation, Thriller, Mystery, Krimi, Drama, Science-Fiction, Action",172180,"1995-11-18","Mamoru Oshii"
tt15139516,9,2025-02-04,"Stoner Cats","Stoner Cats",https://www.imdb.com/title/tt15139516,Fernsehserie,6.5,5,2021,"Animation, Komödie",482,"2021-07-29",
tt0089881,8,2025-02-04,"Ran","Ran",https://www.imdb.com/title/tt0089881,Film,8.2,160,1985,"Action, Kriegsfilm, Drama",150837,"1986-04-10","Akira Kurosawa"
tt0290988,9,2025-02-04,"Trailer Park Boys","Trailer Park Boys",https://www.imdb.com/title/tt0290988,Fernsehserie,8.5,30,2001,"Krimi, Komödie",57113,"2007-01-15",
tt13833688,8,2025-02-04,"The Whale","The Whale",https://www.imdb.com/title/tt13833688,Film,7.6,117,2022,"Drama",279225,"2023-04-27","Darren Aronofsky"
tt0154420,10,2025-01-13,"Das Fest","Festen",https://www.imdb.com/title/tt0154420,Film,8.0,101,1998,"Drama",100358,"1999-01-07","Thomas Vinterberg"
tt8230614,8,2025-01-11,"Bushworld Adventures","Bushworld Adventures",https://www.imdb.com/title/tt8230614,Fernsehkurzfilm,7.8,11,2018,"Animation, Kurzfilm, Komödie",1773,"2018-04-01","Michael Cusack"
tt12074628,9,2025-01-11,"Smiling Friends","Smiling Friends",https://www.imdb.com/title/tt12074628,Fernsehserie,8.5,12,2020,"Animation, Kurzfilm, Komödie",28423,"2022-03-22",
tt14039582,9,2025-01-04,"Drive My Car","Doraibu mai kâ",https://www.imdb.com/title/tt14039582,Film,7.5,179,2021,"Drama",75891,"2021-12-23","Ryûsuke Hamaguchi"
tt27503384,10,2024-12-31,"Perfect Days","Perfect Days",https://www.imdb.com/title/tt27503384,Film,7.9,124,2023,"Drama",101434,"2023-12-21","Wim Wenders"
tt9581076,7,2024-12-31,"Bis dann, mein Sohn","Di jiu tian chang",https://www.imdb.com/title/tt9581076,Film,7.7,185,2019,"Drama",6038,"2019-11-14","Xiaoshuai Wang"
tt17526714,9,2024-12-26,"The Substance","The Substance",https://www.imdb.com/title/tt17526714,Film,7.2,141,2024,"Drama, Horror, Science-Fiction",408795,"2024-09-19","Coralie Fargeat"
tt29961072,8,2024-12-23,"Vertauschte Weihnachten","Un stupéfiant Noël !",https://www.imdb.com/title/tt29961072,Film,5.6,94,2023,"Komödie, Fantasy",603,"2023-12-08","Arthur Sanigou"
tt2089049,8,2024-12-05,"Black Mirror: Fifteen Million Merits","Black Mirror: Fifteen Million Merits",https://www.imdb.com/title/tt2089049,Fernsehepisode,8.0,62,2011,"Drama, Thriller, Science-Fiction, Mystery, Krimi",71736,"2016-10-21","Euros Lyn"
tt5709230,9,2024-12-05,"Black Mirror: Shut Up and Dance","Black Mirror: Shut Up and Dance",https://www.imdb.com/title/tt5709230,Fernsehepisode,8.4,52,2016,"Drama, Thriller, Science-Fiction, Mystery, Krimi",65919,"2016-10-21","James Watkins"
tt5709242,10,2024-12-05,"Black Mirror: Playtest","Black Mirror: Playtest",https://www.imdb.com/title/tt5709242,Fernsehepisode,8.0,57,2016,"Drama, Thriller, Science-Fiction, Mystery, Krimi",61046,"2016-10-21","Dan Trachtenberg"
tt10233448,10,2024-11-24,"Vinland Saga","Vinland Saga",https://www.imdb.com/title/tt10233448,Fernsehserie,8.8,24,2019,"Animation, Action, Abenteuer, Geschichte, Drama",131289,"2019-07-07",
tt2184339,2,2024-11-16,"The Purge - Die Säuberung","The Purge",https://www.imdb.com/title/tt2184339,Film,5.8,85,2013,"Thriller, Horror, Science-Fiction",259144,"2013-06-13","James DeMonaco"
tt1798709,2,2024-11-12,"Her","Her",https://www.imdb.com/title/tt1798709,Film,8.0,126,2013,"Liebesfilm, Science-Fiction, Drama",723288,"2014-03-27","Spike Jonze"
tt7160372,10,2024-11-01,"The Zone of Interest","The Zone of Interest",https://www.imdb.com/title/tt7160372,Film,7.3,105,2023,"Drama, Geschichte, Kriegsfilm",164098,"2024-02-29","Jonathan Glazer"
tt1392190,8,2024-10-27,"Mad Max: Fury Road","Mad Max: Fury Road",https://www.imdb.com/title/tt1392190,Film,8.1,120,2015,"Action, Abenteuer, Science-Fiction",1200038,"2015-05-14","George Miller"
tt30423279,8,2024-10-26,"The 8 Show","Deo Eiteu Syo",https://www.imdb.com/title/tt30423279,Fernsehserie,7.2,60,2024,"Drama, Mystery, Thriller, Komödie",20964,"2024-05-17",
tt0213338,10,2024-10-14,"Cowboy Bebop","Kaubôi Bibappu",https://www.imdb.com/title/tt0213338,Fernsehserie,8.9,24,1998,"Animation, Action, Drama, Komödie, Science-Fiction, Abenteuer",167252,"2003-01-08",
tt11315808,1,2024-10-06,"Joker: Folie à Deux","Joker: Folie à Deux",https://www.imdb.com/title/tt11315808,Film,5.2,138,2024,"Musical, Thriller, Drama",180007,"2024-10-03","Todd Phillips"
tt11147852,10,2024-10-05,"Dorohedoro","Dorohedoro",https://www.imdb.com/title/tt11147852,Fernsehserie,8.0,25,2020,"Animation, Action, Komödie, Fantasy, Horror, Science-Fiction",14643,"2020-05-28",
tt9243946,8,2024-09-28,"El Camino: Ein Breaking Bad Film","El Camino",https://www.imdb.com/title/tt9243946,Film,7.3,122,2019,"Drama, Krimi, Thriller",339143,"2019-10-11","Vince Gilligan"
tt2442560,9,2024-09-14,"Peaky Blinders - Gangs of Birmingham","Peaky Blinders",https://www.imdb.com/title/tt2442560,Fernsehserie,8.7,60,2013,"Drama, Krimi",760953,"2014-06-02",
tt7286456,8,2024-09-07,"Joker","Joker",https://www.imdb.com/title/tt7286456,Film,8.3,122,2019,"Krimi, Drama, Thriller",1678905,"2019-10-10","Todd Phillips"
tt4154664,4,2024-08-22,"Captain Marvel","Captain Marvel",https://www.imdb.com/title/tt4154664,Film,6.7,123,2019,"Action, Abenteuer, Science-Fiction",654414,"2019-03-07","Anna Boden,Ryan Fleck"
tt9114286,3,2024-08-22,"Black Panther: Wakanda Forever","Black Panther: Wakanda Forever",https://www.imdb.com/title/tt9114286,Film,6.6,161,2022,"Action, Abenteuer, Science-Fiction, Drama",366174,"2022-11-09","Ryan Coogler"
tt5095030,7,2024-08-22,"Ant-Man and the Wasp","Ant-Man and the Wasp",https://www.imdb.com/title/tt5095030,Film,7.0,118,2018,"Action, Abenteuer, Science-Fiction, Komödie",491313,"2018-07-26","Peyton Reed"
tt3896198,9,2024-08-22,"Guardians of the Galaxy Vol. 2","Guardians of the Galaxy Vol. 2",https://www.imdb.com/title/tt3896198,Film,7.6,136,2017,"Action, Science-Fiction, Abenteuer, Komödie, Fantasy",823236,"2017-04-27","James Gunn"
tt9032400,3,2024-08-22,"Eternals","Eternals",https://www.imdb.com/title/tt9032400,Film,6.2,156,2021,"Action, Fantasy, Science-Fiction, Abenteuer",424014,"2021-11-03","Chloé Zhao"
tt1898069,3,2024-08-19,"American Gods","American Gods",https://www.imdb.com/title/tt1898069,Fernsehserie,7.6,60,2017,"Fantasy, Mystery, Drama",97934,"2017-05-01",
tt8633062,8,2024-08-19,"The Wilds","The Wilds",https://www.imdb.com/title/tt8633062,Fernsehserie,7.3,60,2020,"Drama, Abenteuer, Mystery",27164,"2020-12-11",
tt3794354,7,2024-08-19,"Sonic The Hedgehog","Sonic the Hedgehog",https://www.imdb.com/title/tt3794354,Film,6.5,99,2020,"Action, Abenteuer, Science-Fiction, Komödie, Familienfilm, Fantasy",190608,"2020-02-13","Jeff Fowler"
tt1595680,7,2024-08-19,"Being Human","Being Human",https://www.imdb.com/title/tt1595680,Fernsehserie,7.6,44,2011,"Horror, Fantasy, Drama",27872,"2012-08-16",
tt0248408,8,2024-08-19,"Der Schuh des Manitu","Der Schuh des Manitu",https://www.imdb.com/title/tt0248408,Film,6.7,87,2001,"Komödie, Western",22822,"2001-07-19","Michael Herbig"
tt0221733,9,2024-08-19,"Bullyparade","Bullyparade",https://www.imdb.com/title/tt0221733,Fernsehserie,7.2,27,1997,"Komödie",1543,"1997-03-01",
tt11390656,5,2024-08-19,"Der Boandlkramer und die ewige Liebe","Der Boandlkramer und die ewige Liebe",https://www.imdb.com/title/tt11390656,Film,5.7,87,2021,"Komödie, Fantasy, Liebesfilm",800,"2021-05-14","Joseph Vilsmaier"
tt2239822,8,2024-08-18,"Valerian - Die Stadt der tausend Planeten","Valerian and the City of a Thousand Planets",https://www.imdb.com/title/tt2239822,Film,6.4,136,2017,"Animation, Science-Fiction, Action, Abenteuer, Fantasy",208649,"2017-07-20","Luc Besson"
tt0145487,8,2024-08-18,"Spider-Man","Spider-Man",https://www.imdb.com/title/tt0145487,Film,7.4,121,2002,"Abenteuer, Science-Fiction, Action",960151,"2002-06-06","Sam Raimi"
tt7456310,7,2024-08-18,"Anna: Die Agentin","Anna",https://www.imdb.com/title/tt7456310,Film,6.7,118,2019,"Action, Thriller",106898,"2019-07-18","Luc Besson"
tt2872732,7,2024-08-18,"Lucy","Lucy",https://www.imdb.com/title/tt2872732,Film,6.4,89,2014,"Action, Science-Fiction, Thriller",575463,"2014-08-14","Luc Besson"
tt3531824,6,2024-08-18,"Nerve","Nerve",https://www.imdb.com/title/tt3531824,Film,6.5,96,2016,"Thriller, Krimi, Abenteuer, Drama",146960,"2016-09-08","Henry Joost,Ariel Schulman"
tt9900092,7,2024-08-18,"Motherland: Fort Salem","Motherland: Fort Salem",https://www.imdb.com/title/tt9900092,Fernsehserie,7.3,42,2020,"Drama, Science-Fiction, Thriller, Fantasy",19983,"2020-11-20",
tt9466298,7,2024-08-18,"Ghost in the Shell SAC_2045","Kôkaku Kidôtai SAC_2045",https://www.imdb.com/title/tt9466298,Fernsehserie,6.4,25,2020,"Animation, Action, Science-Fiction, Krimi, Drama, Mystery, Thriller",3287,"2020-04-23",
tt3469046,7,2024-08-18,"Ich - Einfach unverbesserlich 3","Despicable Me 3",https://www.imdb.com/title/tt3469046,Film,6.3,89,2017,"Animation, Abenteuer, Komödie, Familienfilm, Science-Fiction, Krimi",178835,"2017-07-06","Kyle Balda,Pierre Coffin,Eric Guillon"
tt1690953,8,2024-08-18,"Ich - Einfach unverbesserlich 2","Despicable Me 2",https://www.imdb.com/title/tt1690953,Film,7.3,98,2013,"Animation, Komödie, Familienfilm, Science-Fiction, Abenteuer, Krimi",456822,"2013-07-04","Pierre Coffin,Chris Renaud"
tt1323594,8,2024-08-18,"Ich - Einfach unverbesserlich","Despicable Me",https://www.imdb.com/title/tt1323594,Film,7.6,95,2010,"Animation, Familienfilm, Komödie, Science-Fiction, Krimi, Abenteuer",628709,"2010-09-30","Pierre Coffin,Chris Renaud"
tt2283362,8,2024-08-18,"Jumanji: Willkommen im Dschungel","Jumanji: Welcome to the Jungle",https://www.imdb.com/title/tt2283362,Film,6.9,119,2017,"Abenteuer, Fantasy, Action, Komödie",498314,"2017-12-21","Jake Kasdan"
tt1190634,6,2024-08-15,"The Boys","The Boys",https://www.imdb.com/title/tt1190634,Fernsehserie,8.6,60,2019,"Action, Science-Fiction, Krimi, Drama, Komödie",840710,"2019-07-26",
tt1700841,8,2024-08-08,"Sausage Party - Es geht um die Wurst","Sausage Party",https://www.imdb.com/title/tt1700841,Film,6.1,89,2016,"Animation, Komödie, Abenteuer, Fantasy",225720,"2016-10-06","Greg Tiernan,Conrad Vernon"
tt26548265,10,2024-08-03,"Maharaja","Maharaja",https://www.imdb.com/title/tt26548265,Film,8.3,141,2024,"Thriller, Action, Drama, Krimi",80225,"2024-07-18","Nithilan Saminathan"
tt6263850,8,2024-08-02,"Deadpool & Wolverine","Deadpool & Wolverine",https://www.imdb.com/title/tt6263850,Film,7.5,128,2024,"Action, Komödie, Science-Fiction, Abenteuer",558736,"2024-07-24","Shawn Levy"
tt1871731,10,2024-08-01,"Ninjago","Ninjago: Masters of Spinjitzu",https://www.imdb.com/title/tt1871731,Fernsehserie,7.8,11,2011,"Animation, Abenteuer, Action, Komödie, Familienfilm, Fantasy, Science-Fiction",12641,"2011-01-23",
tt2325846,9,2024-08-01,"Die Drachenreiter von Berk","Dragons: Riders of Berk",https://www.imdb.com/title/tt2325846,Fernsehserie,7.9,22,2012,"Animation, Abenteuer, Fantasy, Familienfilm, Action, Drama",16050,"2013-03-02",
tt5753856,10,2024-08-01,"Dark","Dark",https://www.imdb.com/title/tt5753856,Fernsehserie,8.7,60,2017,"Mystery, Krimi, Drama, Thriller, Science-Fiction",536999,"2017-12-01",
tt8712204,3,2024-08-01,"Batwoman","Batwoman",https://www.imdb.com/title/tt8712204,Fernsehserie,3.6,45,2019,"Action, Drama, Science-Fiction, Abenteuer, Krimi",48256,"2019-12-20",
tt4532368,7,2024-08-01,"Legends of Tomorrow","Legends of Tomorrow",https://www.imdb.com/title/tt4532368,Fernsehserie,6.7,42,2016,"Action, Science-Fiction, Abenteuer, Drama",114245,"2016-08-30",
tt4016454,6,2024-08-01,"Supergirl","Supergirl",https://www.imdb.com/title/tt4016454,Fernsehserie,6.2,43,2015,"Science-Fiction, Action, Abenteuer, Drama",134417,"2016-03-15",
tt3501584,8,2024-08-01,"iZombie","iZombie",https://www.imdb.com/title/tt3501584,Fernsehserie,7.8,42,2015,"Krimi, Drama, Horror, Komödie, Mystery",78693,"2015-08-13",
tt8106534,7,2024-08-01,"6 Underground","6 Underground",https://www.imdb.com/title/tt8106534,Film,6.1,128,2019,"Action, Thriller",210213,"2019-12-13","Michael Bay"
tt1567432,8,2024-08-01,"Teen Wolf","Teen Wolf",https://www.imdb.com/title/tt1567432,Fernsehserie,7.7,41,2011,"Drama, Thriller, Liebesfilm, Action, Fantasy",177650,"2013-07-27",
tt2364582,10,2024-08-01,"Marvel's Agents of S.H.I.E.L.D.","Agents of S.H.I.E.L.D.",https://www.imdb.com/title/tt2364582,Fernsehserie,7.5,45,2013,"Action, Science-Fiction, Thriller, Abenteuer",234532,"2015-02-13",
tt9140554,8,2024-08-01,"Loki","Loki",https://www.imdb.com/title/tt9140554,Fernsehserie,8.2,50,2021,"Fantasy, Science-Fiction, Action, Abenteuer",467723,"2021-06-09",
tt4052886,10,2024-08-01,"Lucifer","Lucifer",https://www.imdb.com/title/tt4052886,Fernsehserie,8.0,45,2016,"Fantasy, Drama, Krimi",389455,"2016-07-15",
tt6257970,8,2024-08-01,"The End of the F***ing World","The End of the F***ing World",https://www.imdb.com/title/tt6257970,Fernsehserie,8.0,25,2017,"Komödie, Drama, Abenteuer, Liebesfilm, Krimi, Thriller",244479,"2018-01-05",
tt10231312,10,2024-08-01,"Inside Job","Inside Job",https://www.imdb.com/title/tt10231312,Fernsehserie,7.7,30,2021,"Animation, Komödie, Fantasy, Science-Fiction, Abenteuer, Drama",37733,"2021-10-22",
tt15789472,7,2024-08-01,"Nirgendwo","Nowhere",https://www.imdb.com/title/tt15789472,Film,6.3,109,2023,"Drama, Thriller",48418,"2023-09-29","Albert Pintó"
tt1389072,3,2024-08-01,"Downsizing","Downsizing",https://www.imdb.com/title/tt1389072,Film,5.8,135,2017,"Drama, Science-Fiction, Fantasy",137017,"2018-01-18","Alexander Payne"
tt6656238,5,2024-08-01,"The Rain","The Rain",https://www.imdb.com/title/tt6656238,Fernsehserie,6.3,45,2018,"Thriller, Science-Fiction, Drama",45732,"2018-05-04",
tt8285216,8,2024-08-01,"Better Than Us","Luchshe, chem lyudi",https://www.imdb.com/title/tt8285216,Fernsehserie,7.3,52,2018,"Drama, Science-Fiction",12391,"2019-08-16",
tt15558232,8,2024-07-02,"Emoji-Nation","Emoji-Nation",https://www.imdb.com/title/tt15558232,Fernsehserie,5.0,,2021,"Dokumentarfilm",9,"2021-07-21",
tt29376669,8,2024-07-02,"Mafia und Banken","Mafias et Banques",https://www.imdb.com/title/tt29376669,Miniserie,7.5,,2023,"Dokumentarfilm",58,"2023-10-08",
tt31357825,9,2024-07-02,"Becoming Nawalny - Putins Staatsfeind Nr. 1","Becoming Nawalny - Putins Staatsfeind Nr. 1",https://www.imdb.com/title/tt31357825,Fernsehfilm,7.2,89,2024,"Dokumentarfilm, Biografie",73,"2024-02-17","Igor Sadreev"
tt27691579,8,2024-07-02,"Killerroboter - KI im Krieg","Flash Wars - Autonomous Weapons, A.I. and the Future of Warfare",https://www.imdb.com/title/tt27691579,Fernsehfilm,6.7,90,2024,"Dokumentarfilm",28,"2024-01-30","Daniel Andrew Wunderer"
tt12351900,9,2024-07-02,"Der ewige Korea-Krieg","Corée, une guerre sans fin",https://www.imdb.com/title/tt12351900,Fernsehfilm,7.1,89,2020,"Dokumentarfilm, Geschichte",51,"2020-05-19","John Maggio"
tt12262202,1,2024-06-14,"The Acolyte","The Acolyte",https://www.imdb.com/title/tt12262202,Fernsehserie,4.3,40,2024,"Science-Fiction, Thriller, Action, Abenteuer, Fantasy, Mystery",141670,"2024-06-05",
tt5709236,7,2024-06-10,"Black Mirror: Hated in the Nation","Black Mirror: Hated in the Nation",https://www.imdb.com/title/tt5709236,Fernsehepisode,8.4,89,2016,"Drama, Thriller, Science-Fiction, Mystery, Krimi",54603,"2016-10-21","James Hawes"
tt27731608,10,2024-06-08,"Black Mirror: Loch Henry","Black Mirror: Loch Henry",https://www.imdb.com/title/tt27731608,Fernsehepisode,7.3,56,2023,"Drama, Thriller, Science-Fiction, Mystery, Krimi",39985,"2023-06-15","Sam Miller"
tt3810192,9,2024-06-08,"Cyberpunk 2077","Cyberpunk 2077",https://www.imdb.com/title/tt3810192,Videospiel,8.6,,2020,"Action, Science-Fiction, Thriller, Krimi, Drama, Mystery",22036,"2020-12-10","Adam Badowski"
tt2542420,8,2024-06-08,"Black Mirror: White Bear","Black Mirror: White Bear",https://www.imdb.com/title/tt2542420,Fernsehepisode,7.9,42,2013,"Drama, Thriller, Science-Fiction, Mystery, Krimi",61960,"2016-10-21","Carl Tibbetts"
tt5497778,9,2024-06-07,"Black Mirror: Nosedive","Black Mirror: Nosedive",https://www.imdb.com/title/tt5497778,Fernsehepisode,8.3,63,2016,"Drama, Thriller, Science-Fiction, Mystery, Krimi",73477,"2016-10-21","Joe Wright"
tt4538072,7,2024-06-04,"Black Mirror: San Junipero","Black Mirror: San Junipero",https://www.imdb.com/title/tt4538072,Fernsehepisode,8.5,61,2016,"Drama, Thriller, Science-Fiction, Mystery, Krimi",75718,"2016-10-21","Owen Harris"
tt12037194,8,2024-06-01,"Furiosa: A Mad Max Saga","Furiosa: A Mad Max Saga",https://www.imdb.com/title/tt12037194,Film,7.5,148,2024,"Action, Abenteuer, Science-Fiction",316495,"2024-05-23","George Miller"
tt20247352,9,2024-05-31,"Black Mirror: Joan Is Awful","Black Mirror: Joan Is Awful",https://www.imdb.com/title/tt20247352,Fernsehepisode,7.4,58,2023,"Drama, Thriller, Science-Fiction, Mystery, Krimi",46375,"2023-06-15","Ally Pankiw"
tt5710974,10,2024-05-30,"Black Mirror: USS Callister","Black Mirror: USS Callister",https://www.imdb.com/title/tt5710974,Fernsehepisode,8.3,76,2017,"Drama, Thriller, Science-Fiction, Mystery, Krimi",69568,"2017-12-29","Toby Haynes"
tt27731671,8,2024-05-28,"Black Mirror: Demon 79","Black Mirror: Demon 79",https://www.imdb.com/title/tt27731671,Fernsehepisode,6.7,74,2023,"Drama, Thriller, Science-Fiction, Mystery, Krimi",29181,"2023-06-14","Toby Haynes"
tt27731663,5,2024-05-28,"Black Mirror: Mazey Day","Black Mirror: Mazey Day",https://www.imdb.com/title/tt27731663,Fernsehepisode,5.3,43,2023,"Drama, Thriller, Science-Fiction, Mystery, Krimi",32084,"2023-06-15","Uta Briesewitz"
tt5710984,7,2024-05-26,"Black Mirror: Metalhead","Black Mirror: Metalhead",https://www.imdb.com/title/tt5710984,Fernsehepisode,6.6,41,2017,"Drama, Thriller, Science-Fiction, Mystery, Krimi",47031,"2017-12-29","David Slade"
tt0449088,8,2024-05-19,"Pirates of the Caribbean - Am Ende der Welt","Pirates of the Caribbean: At World's End",https://www.imdb.com/title/tt0449088,Film,7.2,169,2007,"Action, Abenteuer, Fantasy",739910,"2007-05-24","Gore Verbinski"
tt0383574,6,2024-05-11,"Pirates of the Caribbean - Fluch der Karibik 2","Pirates of the Caribbean: Dead Man's Chest",https://www.imdb.com/title/tt0383574,Film,7.4,151,2006,"Abenteuer, Fantasy, Action",821271,"2006-07-27","Gore Verbinski"
tt0325980,8,2024-05-11,"Fluch der Karibik","Pirates of the Caribbean: The Curse of the Black Pearl",https://www.imdb.com/title/tt0325980,Film,8.1,143,2003,"Fantasy, Action, Abenteuer",1315252,"2003-09-02","Gore Verbinski"
tt12637874,9,2024-04-19,"Fallout","Fallout",https://www.imdb.com/title/tt12637874,Fernsehserie,8.3,60,2024,"Action, Abenteuer, Drama, Science-Fiction",383258,"2024-04-11",
tt13016388,6,2024-04-18,"3 Body Problem","3 Body Problem",https://www.imdb.com/title/tt13016388,Fernsehserie,7.5,60,2024,"Science-Fiction, Abenteuer, Drama, Fantasy, Mystery",177893,"2024-03-21",
tt0470752,10,2024-04-12,"Ex Machina","Ex Machina",https://www.imdb.com/title/tt0470752,Film,7.7,108,2014,"Drama, Science-Fiction, Thriller",635048,"2015-04-23","Alex Garland"
tt27075304,1,2024-04-11,"Chantal im Märchenland","Chantal im Märchenland",https://www.imdb.com/title/tt27075304,Film,4.6,118,2024,"Komödie, Fantasy",3043,"2024-03-28","Bora Dagtekin"
tt1490017,9,2024-03-31,"The Lego Movie","The Lego Movie",https://www.imdb.com/title/tt1490017,Film,7.7,100,2014,"Animation, Komödie, Familienfilm, Abenteuer, Fantasy, Science-Fiction, Action",412941,"2014-04-10","Phil Lord,Christopher Miller"
tt15239678,7,2024-03-31,"Dune: Part Two","Dune: Part Two",https://www.imdb.com/title/tt15239678,Film,8.4,166,2024,"Abenteuer, Drama, Science-Fiction, Action",721085,"2024-02-29","Denis Villeneuve"
tt1160419,7,2024-03-30,"Dune","Dune: Part One",https://www.imdb.com/title/tt1160419,Film,8.0,155,2021,"Science-Fiction, Abenteuer, Drama, Action",1026611,"2021-09-16","Denis Villeneuve"
tt6710474,9,2024-03-23,"Everything Everywhere All at Once","Everything Everywhere All at Once",https://www.imdb.com/title/tt6710474,Film,7.7,139,2022,"Science-Fiction, Abenteuer, Komödie, Fantasy, Action, Drama",623122,"2022-04-28","Daniel Kwan,Daniel Scheinert"
tt4780496,8,2024-02-17,"Sea of Thieves","Sea of Thieves",https://www.imdb.com/title/tt4780496,Videospiel,6.7,,2018,"Action, Abenteuer, Fantasy",1534,"2018-03-20","Gregg Mayles"
tt15314262,7,2024-01-20,"The Beekeeper","The Beekeeper",https://www.imdb.com/title/tt15314262,Film,6.3,105,2024,"Thriller, Action, Krimi",177428,"2024-01-11","David Ayer"
tt15671028,7,2024-01-19,"No Hard Feelings","No Hard Feelings",https://www.imdb.com/title/tt15671028,Film,6.3,103,2023,"Komödie, Liebesfilm",213197,"2023-06-22","Gene Stupnitsky"
tt10048342,10,2024-01-15,"Das Damengambit","The Queen's Gambit",https://www.imdb.com/title/tt10048342,Miniserie,8.5,60,2020,"Drama",655998,"2020-10-23",
tt0083944,10,2024-01-03,"Rambo","First Blood",https://www.imdb.com/title/tt0083944,Film,7.7,93,1982,"Abenteuer, Thriller, Action",299278,"1983-01-06","Ted Kotcheff"
tt0121766,9,2023-12-31,"Star Wars: Episode III - Die Rache der Sith","Star Wars: Episode III - Revenge of the Sith",https://www.imdb.com/title/tt0121766,Film,7.7,140,2005,"Fantasy, Abenteuer, Science-Fiction, Action",915372,"2005-05-19","George Lucas"
tt13207736,4,2023-12-31,"Monster","Monster",https://www.imdb.com/title/tt13207736,Fernsehserie,7.8,60,2022,"Krimi, Drama, Biografie, Thriller",221386,"2022-09-21",
tt11781736,10,2023-12-31,"Narcos: Mexico: Free Trade","Narcos: México: Free Trade",https://www.imdb.com/title/tt11781736,Fernsehepisode,9.0,62,2020,"Krimi, Drama, Biografie, Thriller",2900,"2020-02-13","Andrés Baiz"
tt0816692,10,2023-12-22,"Interstellar","Interstellar",https://www.imdb.com/title/tt0816692,Film,8.7,169,2014,"Science-Fiction, Abenteuer, Drama",2492655,"2014-11-06","Christopher Nolan"
tt6468322,9,2023-12-21,"Haus des Geldes","La casa de papel",https://www.imdb.com/title/tt6468322,Fernsehserie,8.2,60,2017,"Thriller, Krimi, Mystery, Action, Drama",600541,"2017-12-22",
tt0383385,9,2023-12-21,"Grand Theft Auto: San Andreas","Grand Theft Auto: San Andreas",https://www.imdb.com/title/tt0383385,Videospiel,9.4,,2004,"Krimi, Action",50180,"2004-10-26","Dan Houser"
tt1149396,10,2023-12-21,"Lego Star Wars: The Complete Saga","Lego Star Wars: The Complete Saga",https://www.imdb.com/title/tt1149396,Videospiel,8.7,,2007,"Komödie, Fantasy, Science-Fiction, Action, Abenteuer, Familienfilm",5725,"2007-11-06","Jon Burton"
tt0048918,7,2023-12-21,"1984","1984",https://www.imdb.com/title/tt0048918,Film,6.9,90,1956,"Science-Fiction, Drama",4804,"1957-06-07","Michael Anderson"
tt8714904,8,2023-12-21,"Narcos: Mexico","Narcos: México",https://www.imdb.com/title/tt8714904,Fernsehserie,8.3,60,2018,"Krimi, Drama, Biografie, Thriller",100901,"2018-11-16",
tt6318978,7,2023-12-21,"Clash of Clans","Clash of Clans",https://www.imdb.com/title/tt6318978,Videospiel,6.7,,2012,"Action, Fantasy",1862,"2012-08-02",
tt2011970,10,2023-12-02,"Minecraft","Minecraft",https://www.imdb.com/title/tt2011970,Videospiel,8.8,,2009,"Abenteuer, Fantasy, Familienfilm, Action, Science-Fiction",19064,"2009-05-16","Agnes Larsson"
tt28104766,1,2023-11-24,"Squid Game: The Challenge","Squid Game: The Challenge",https://www.imdb.com/title/tt28104766,Fernsehserie,5.9,60,2023,"Spielshow, Reality-TV",22422,"2023-11-22",
tt10388974,8,2023-11-23,"Splitgate: Arena Warfare","Splitgate: Arena Warfare",https://www.imdb.com/title/tt10388974,Videospiel,6.9,,2019,"Action, Science-Fiction, Abenteuer",262,"2019-05-22",
tt21040998,1,2023-10-30,"Overwatch 2","Overwatch 2",https://www.imdb.com/title/tt21040998,Videospiel,5.5,,2022,"Action, Abenteuer, Fantasy, Science-Fiction",1970,"2022-10-04","Aaron Keller,Alec Dawson"
tt2707408,9,2023-10-30,"Narcos","Narcos",https://www.imdb.com/title/tt2707408,Fernsehserie,8.7,50,2015,"Krimi, Drama, Biografie, Thriller",523585,"2015-08-28",
tt3591824,9,2023-10-26,"Narcos: Descenso","Narcos: Descenso",https://www.imdb.com/title/tt3591824,Fernsehepisode,8.8,57,2015,"Krimi, Drama, Biografie, Thriller",10716,"2015-08-28","José Padilha"
tt10648342,3,2023-10-21,"Thor: Love and Thunder","Thor: Love and Thunder",https://www.imdb.com/title/tt10648342,Film,6.1,118,2022,"Abenteuer, Liebesfilm, Science-Fiction, Komödie, Action",456255,"2022-07-06","Taika Waititi"
tt3819090,8,2023-10-19,"No Man's Sky","No Man's Sky",https://www.imdb.com/title/tt3819090,Videospiel,6.4,,2016,"Abenteuer, Science-Fiction",2016,"2016-08-12","Sean Murray,David Ream"
tt5158314,10,2023-10-19,"Detroit: Become Human","Detroit: Become Human",https://www.imdb.com/title/tt5158314,Videospiel,9.1,,2018,"Science-Fiction, Mystery, Drama, Thriller, Action, Abenteuer",30686,"2018-05-25","David Cage"
tt12235026,7,2023-10-19,"Assassin's Creed: Valhalla","Assassin's Creed Valhalla",https://www.imdb.com/title/tt12235026,Videospiel,7.7,,2020,"Action, Abenteuer, Fantasy, Science-Fiction",8498,"2020-11-10","Eric Baptizat,François Daubet,Benoit Richer,Stephane Boudon,Ashraf Ismail,Emnet Mulugeta"
tt8020008,9,2023-10-04,"Fortnite","Fortnite",https://www.imdb.com/title/tt8020008,Videospiel,5.7,,2017,"Action, Fantasy, Abenteuer, Komödie, Science-Fiction",11470,"2017-07-28","Donald Mustard,Darren Sugg,JB Blanc"
tt5788078,9,2023-10-03,"Watch Dogs 2","Watch Dogs 2",https://www.imdb.com/title/tt5788078,Videospiel,7.5,,2016,"Action, Science-Fiction, Thriller, Krimi, Abenteuer, Drama, Mystery",5968,"2016-11-15","Danny Bélanger,Jonathan Morin"
tt3230854,7,2023-10-02,"The Expanse","The Expanse",https://www.imdb.com/title/tt3230854,Fernsehserie,8.5,60,2015,"Mystery, Science-Fiction, Drama",190405,"2016-11-03",
tt4158110,9,2023-10-02,"Mr. Robot","Mr. Robot",https://www.imdb.com/title/tt4158110,Fernsehserie,8.5,45,2015,"Krimi, Drama, Thriller",463733,"2015-11-20",
tt1825683,7,2023-10-02,"Black Panther","Black Panther",https://www.imdb.com/title/tt1825683,Film,7.3,134,2018,"Action, Abenteuer, Science-Fiction",903613,"2018-02-15","Ryan Coogler"
tt1877830,9,2023-10-02,"The Batman","The Batman",https://www.imdb.com/title/tt1877830,Film,7.8,176,2022,"Action, Krimi, Drama, Thriller, Mystery",917941,"2022-03-03","Matt Reeves"
tt0499549,9,2023-10-02,"Avatar - Aufbruch nach Pandora","Avatar",https://www.imdb.com/title/tt0499549,Film,7.9,162,2009,"Science-Fiction, Action, Abenteuer, Fantasy",1488646,"2009-12-17","James Cameron"
tt9140560,9,2023-10-02,"WandaVision","WandaVision",https://www.imdb.com/title/tt9140560,Miniserie,7.9,40,2021,"Action, Science-Fiction, Fantasy, Komödie, Mystery",412956,"2021-01-15",
tt2015381,7,2023-10-02,"Guardians of the Galaxy","Guardians of the Galaxy",https://www.imdb.com/title/tt2015381,Film,8.0,121,2014,"Science-Fiction, Action, Abenteuer, Komödie",1355716,"2014-08-28","James Gunn"
tt1185834,10,2023-10-02,"Star Wars: The Clone Wars","Star Wars: The Clone Wars",https://www.imdb.com/title/tt1185834,Film,6.0,98,2008,"Animation, Abenteuer, Science-Fiction, Action, Fantasy, Familienfilm",80549,"2008-08-14","Dave Filoni"
tt13668894,7,2023-10-02,"Das Buch von Boba Fett","The Book of Boba Fett",https://www.imdb.com/title/tt13668894,Miniserie,7.1,50,2021,"Action, Abenteuer, Science-Fiction",207590,"2021-12-29",
tt8111088,9,2023-10-02,"The Mandalorian","The Mandalorian",https://www.imdb.com/title/tt8111088,Fernsehserie,8.6,40,2019,"Science-Fiction, Action, Abenteuer, Fantasy",649021,"2020-03-24",
tt10919420,8,2023-10-02,"Squid Game","Ojing-eo geim",https://www.imdb.com/title/tt10919420,Fernsehserie,7.9,60,2021,"Mystery, Thriller, Drama, Action, Krimi",750578,"2021-09-17",
tt7069210,3,2023-10-02,"Conjuring 3 - Im Bann des Teufels","The Conjuring: The Devil Made Me Do It",https://www.imdb.com/title/tt7069210,Film,6.2,112,2021,"Horror, Mystery, Thriller",167487,"2021-07-01","Michael Chaves"
tt3498820,8,2023-10-01,"The First Avenger: Civil War","Captain America: Civil War",https://www.imdb.com/title/tt3498820,Film,7.8,147,2016,"Action, Science-Fiction",920641,"2016-04-28","Anthony Russo,Joe Russo"
tt0478970,8,2023-10-01,"Ant-Man","Ant-Man",https://www.imdb.com/title/tt0478970,Film,7.2,117,2015,"Action, Science-Fiction, Komödie",775499,"2015-07-23","Peyton Reed"
tt1405406,8,2023-10-01,"The Vampire Diaries","The Vampire Diaries",https://www.imdb.com/title/tt1405406,Fernsehserie,7.7,43,2009,"Drama, Horror, Liebesfilm, Fantasy, Mystery, Thriller",380357,"2010-01-20",
tt2103188,10,2023-10-01,"Grand Theft Auto V","Grand Theft Auto V",https://www.imdb.com/title/tt2103188,Videospiel,9.4,,2013,"Action, Krimi, Drama, Thriller",83870,"2013-09-17",
tt9561862,10,2023-10-01,"Love, Death & Robots","Love, Death & Robots",https://www.imdb.com/title/tt9561862,Fernsehserie,8.4,15,2019,"Animation, Kurzfilm, Komödie, Fantasy, Horror, Science-Fiction, Action, Abenteuer, Drama, Mystery, Thriller",227761,"2019-03-15",
tt4123432,7,2023-10-01,"Phantastische Tierwesen: Dumbledores Geheimnisse","Fantastic Beasts: The Secrets of Dumbledore",https://www.imdb.com/title/tt4123432,Film,6.2,142,2022,"Fantasy, Abenteuer",191328,"2022-04-07","David Yates"
tt2395427,7,2023-09-30,"Avengers: Age of Ultron","Avengers: Age of Ultron",https://www.imdb.com/title/tt2395427,Film,7.3,141,2015,"Action, Abenteuer, Science-Fiction",993601,"2015-04-23","Joss Whedon"
tt0848228,8,2023-09-30,"The Avengers","The Avengers",https://www.imdb.com/title/tt0848228,Film,8.0,143,2012,"Action, Science-Fiction",1549652,"2012-04-26","Joss Whedon"
tt6791350,7,2023-09-29,"Guardians of the Galaxy Vol. 3","Guardians of the Galaxy Vol. 3",https://www.imdb.com/title/tt6791350,Film,7.9,150,2023,"Action, Abenteuer, Science-Fiction, Komödie, Fantasy",464978,"2023-05-03","James Gunn"
tt5463162,8,2023-08-04,"Deadpool 2","Deadpool 2",https://www.imdb.com/title/tt5463162,Film,7.6,119,2018,"Action, Abenteuer, Komödie, Science-Fiction",739543,"2018-05-17","David Leitch"
tt0910970,9,2023-08-04,"WALL·E - Der Letzte räumt die Erde auf","WALL·E",https://www.imdb.com/title/tt0910970,Film,8.4,98,2008,"Animation, Science-Fiction, Abenteuer, Familienfilm",1310757,"2008-09-25","Andrew Stanton"
tt1431045,9,2023-08-04,"Deadpool","Deadpool",https://www.imdb.com/title/tt1431045,Film,8.0,108,2016,"Action, Science-Fiction, Komödie",1245579,"2016-02-11","Tim Miller"
tt1911658,8,2023-08-03,"Die Pinguine aus Madagascar","Penguins of Madagascar",https://www.imdb.com/title/tt1911658,Film,6.6,92,2014,"Animation, Abenteuer, Komödie, Familienfilm, Science-Fiction, Action, Krimi",114400,"2014-11-27","Eric Darnell,Simon J. Smith"
tt1277953,8,2023-08-03,"Madagascar 3: Flucht durch Europa","Madagascar 3: Europe's Most Wanted",https://www.imdb.com/title/tt1277953,Film,6.8,95,2012,"Animation, Abenteuer, Komödie, Familienfilm",215716,"2012-10-02","Eric Darnell,Tom McGrath,Conrad Vernon"
tt0479952,8,2023-08-03,"Madagascar 2","Madagascar: Escape 2 Africa",https://www.imdb.com/title/tt0479952,Film,6.7,89,2008,"Animation, Abenteuer, Komödie, Familienfilm",268946,"2008-12-04","Eric Darnell,Tom McGrath"
tt0351283,8,2023-08-03,"Madagascar","Madagascar",https://www.imdb.com/title/tt0351283,Film,6.9,86,2005,"Animation, Familienfilm, Komödie, Abenteuer",475962,"2005-07-14","Eric Darnell,Tom McGrath"
tt1677720,10,2023-08-03,"Ready Player One","Ready Player One",https://www.imdb.com/title/tt1677720,Film,7.4,140,2018,"Science-Fiction, Action, Abenteuer",538017,"2018-04-05","Steven Spielberg"
tt3398228,8,2023-08-03,"BoJack Horseman","BoJack Horseman",https://www.imdb.com/title/tt3398228,Fernsehserie,8.8,25,2014,"Animation, Komödie, Drama",229436,"2014-09-16",
tt0903747,10,2023-08-03,"Breaking Bad","Breaking Bad",https://www.imdb.com/title/tt0903747,Fernsehserie,9.5,48,2008,"Drama, Krimi, Thriller",2577882,"2010-10-09",
tt6334354,6,2023-08-02,"The Suicide Squad","The Suicide Squad",https://www.imdb.com/title/tt6334354,Film,7.2,132,2021,"Action, Abenteuer, Science-Fiction, Komödie",455117,"2021-08-05","James Gunn"
tt1517268,7,2023-08-01,"Barbie","Barbie",https://www.imdb.com/title/tt1517268,Film,6.8,114,2023,"Komödie, Abenteuer, Fantasy",662018,"2023-07-20","Greta Gerwig"
tt11126994,7,2023-08-01,"Arcane","Arcane: League of Legends",https://www.imdb.com/title/tt11126994,Fernsehserie,9.0,40,2021,"Animation, Action, Abenteuer, Drama, Fantasy, Science-Fiction",437145,"2021-11-07",
tt2861424,8,2023-08-01,"Rick and Morty","Rick and Morty",https://www.imdb.com/title/tt2861424,Fernsehserie,9.0,23,2013,"Animation, Abenteuer, Komödie, Science-Fiction",688612,"2014-11-29",
tt3748528,8,2023-08-01,"Star Wars: Rogue One","Rogue One",https://www.imdb.com/title/tt3748528,Film,7.8,133,2016,"Action, Abenteuer, Science-Fiction",750645,"2016-12-15","Gareth Edwards"
tt4154756,8,2023-08-01,"Avengers: Infinity War","Avengers: Infinity War",https://www.imdb.com/title/tt4154756,Film,8.4,149,2018,"Action, Science-Fiction, Abenteuer",1358032,"2018-04-26","Anthony Russo,Joe Russo"
tt4154796,9,2023-08-01,"Avengers: Endgame","Avengers: Endgame",https://www.imdb.com/title/tt4154796,Film,8.4,181,2019,"Action, Science-Fiction, Abenteuer",1430722,"2019-04-24","Anthony Russo,Joe Russo"
tt6741278,9,2023-08-01,"Invincible","Invincible",https://www.imdb.com/title/tt6741278,Fernsehserie,8.7,50,2021,"Animation, Science-Fiction, Action, Drama, Abenteuer, Fantasy, Thriller",306023,"2021-03-26",
tt2906216,5,2023-07-30,"Dungeons & Dragons: Ehre unter Dieben","Dungeons & Dragons: Honor Among Thieves",https://www.imdb.com/title/tt2906216,Film,7.2,134,2023,"Abenteuer, Fantasy, Action, Komödie",271702,"2023-03-30","John Francis Daley,Jonathan Goldstein"
tt7826376,6,2023-07-25,"Upload","Upload",https://www.imdb.com/title/tt7826376,Fernsehserie,7.8,30,2020,"Science-Fiction, Komödie, Mystery",89679,"2020-05-01",
tt3107288,6,2023-07-25,"The Flash","The Flash",https://www.imdb.com/title/tt3107288,Fernsehserie,7.5,43,2014,"Action, Abenteuer, Drama, Science-Fiction",384160,"2015-02-10",
tt7612548,8,2023-07-25,"The Outpost","The Outpost",https://www.imdb.com/title/tt7612548,Fernsehserie,6.6,44,2018,"Fantasy, Action, Abenteuer, Drama",10015,"2018-09-19",
tt1630029,9,2023-07-25,"Avatar: The Way of Water","Avatar: The Way of Water",https://www.imdb.com/title/tt1630029,Film,7.5,192,2022,"Animation, Action, Abenteuer, Science-Fiction, Fantasy",604391,"2022-12-14","James Cameron"
tt0110357,8,2023-07-25,"Der König der Löwen","The Lion King",https://www.imdb.com/title/tt0110357,Film,8.5,88,1994,"Animation, Musical, Drama, Abenteuer, Familienfilm",1250326,"1994-11-17","Roger Allers,Rob Minkoff"
tt6751668,9,2023-07-25,"Parasite","Gisaengchung",https://www.imdb.com/title/tt6751668,Film,8.5,132,2019,"Drama, Thriller",1148945,"2019-10-17","Bong Joon Ho"
tt10857160,1,2023-07-23,"She-Hulk: Die Anwältin","She-Hulk: Attorney at Law",https://www.imdb.com/title/tt10857160,Miniserie,5.2,35,2022,"Action, Abenteuer, Komödie, Science-Fiction",207616,"2022-08-18",
tt12590266,10,2023-07-23,"Cyberpunk: Edgerunners","Cyberpunk: Edgerunners",https://www.imdb.com/title/tt12590266,Fernsehserie,8.3,24,2022,"Animation, Science-Fiction, Action, Krimi, Abenteuer, Thriller, Drama",122398,"2022-09-13",
tt10872600,8,2023-07-23,"Spider-Man: No Way Home","Spider-Man: No Way Home",https://www.imdb.com/title/tt10872600,Film,8.1,148,2021,"Action, Abenteuer, Science-Fiction, Fantasy",1006842,"2021-12-15","Jon Watts"
tt4633694,8,2023-07-23,"Spider-Man: A New Universe","Spider-Man: Into the Spider-Verse",https://www.imdb.com/title/tt4633694,Film,8.4,117,2018,"Animation, Action, Science-Fiction, Abenteuer, Familienfilm, Fantasy",779199,"2018-12-13","Bob Persichetti,Peter Ramsey,Rodney Rothman"
tt9362722,9,2023-07-23,"Spider-Man: Across the Spider-Verse","Spider-Man: Across the Spider-Verse",https://www.imdb.com/title/tt9362722,Film,8.5,140,2023,"Animation, Action, Abenteuer, Science-Fiction, Fantasy, Familienfilm",512454,"2023-06-01","Joaquim Dos Santos,Kemp Powers,Justin K. Thompson"
tt11564258,8,2023-07-23,"The Playlist","The Playlist",https://www.imdb.com/title/tt11564258,Miniserie,7.4,50,2022,"Drama, Biografie, Musikfilm",17267,"2022-10-13",
tt2085059,9,2023-07-23,"Black Mirror","Black Mirror",https://www.imdb.com/title/tt2085059,Fernsehserie,8.7,60,2011,"Drama, Thriller, Science-Fiction, Mystery, Krimi",731749,"2016-10-21",
tt0120907,5,2023-07-23,"eXistenZ","eXistenZ",https://www.imdb.com/title/tt0120907,Film,6.8,97,1999,"Mystery, Thriller, Horror, Science-Fiction",113142,"1999-11-18","David Cronenberg"
tt0133093,10,2023-07-23,"Matrix","The Matrix",https://www.imdb.com/title/tt0133093,Film,8.7,136,1999,"Action, Science-Fiction",2232069,"1999-06-17","Lana Wachowski,Lilly Wachowski"
tt0070832,10,2023-07-23,"Drei Haselnüsse für Aschenbrödel","Tri orísky pro Popelku",https://www.imdb.com/title/tt0070832,Film,7.6,86,1973,"Abenteuer, Liebesfilm, Drama, Familienfilm, Fantasy",13569,"1974-03-10","Václav Vorlícek"
tt12593682,7,2023-07-23,"Bullet Train","Bullet Train",https://www.imdb.com/title/tt12593682,Film,7.3,127,2022,"Action, Thriller, Komödie",528079,"2022-08-04","David Leitch"
tt1396484,1,2023-07-23,"Es","It",https://www.imdb.com/title/tt1396484,Film,7.3,135,2017,"Horror",690067,"2017-09-28","Andy Muschietti"
tt15474916,5,2023-07-23,"Smile - Siehst du es auch?","Smile",https://www.imdb.com/title/tt15474916,Film,6.5,115,2022,"Horror, Mystery, Thriller",236239,"2022-09-29","Parker Finn"
tt9419884,3,2023-07-23,"Doctor Strange in the Multiverse of Madness","Doctor Strange in the Multiverse of Madness",https://www.imdb.com/title/tt9419884,Film,6.9,126,2022,"Action, Fantasy, Abenteuer, Science-Fiction",540093,"2022-05-04","Sam Raimi"
tt0437086,10,2023-07-23,"Alita: Battle Angel","Alita: Battle Angel",https://www.imdb.com/title/tt0437086,Film,7.3,122,2019,"Science-Fiction, Action, Thriller, Abenteuer",322064,"2019-02-14","Robert Rodriguez"
tt8466564,8,2023-07-23,"Obi-Wan Kenobi","Obi-Wan Kenobi",https://www.imdb.com/title/tt8466564,Miniserie,7.0,45,2022,"Science-Fiction, Action, Abenteuer",260099,"2022-05-27",
tt2527336,3,2023-07-23,"Star Wars - Episode VIII: Die letzten Jedi","Star Wars: Episode VIII - The Last Jedi",https://www.imdb.com/title/tt2527336,Film,6.8,152,2017,"Science-Fiction, Action, Abenteuer, Fantasy",714570,"2017-12-14","Rian Johnson"
tt2488496,3,2023-07-23,"Star Wars: Episode VII - Das Erwachen der Macht","Star Wars: Episode VII - The Force Awakens",https://www.imdb.com/title/tt2488496,Film,7.7,138,2015,"Science-Fiction, Action, Abenteuer",1021334,"2015-12-17","J.J. Abrams"
tt0121765,7,2023-07-23,"Star Wars: Episode II - Angriff der Klonkrieger","Star Wars: Episode II - Attack of the Clones",https://www.imdb.com/title/tt0121765,Film,6.6,142,2002,"Fantasy, Science-Fiction, Abenteuer, Action",815407,"2002-05-16","George Lucas"
tt0086190,10,2023-07-23,"Star Wars: Episode VI - Die Rückkehr der Jedi-Ritter","Star Wars: Episode VI - Return of the Jedi",https://www.imdb.com/title/tt0086190,Film,8.3,131,1983,"Science-Fiction, Abenteuer, Action, Fantasy",1202372,"1983-12-09","Richard Marquand"
tt0080684,10,2023-07-23,"Star Wars: Episode V - Das Imperium schlägt zurück","Star Wars: Episode V - The Empire Strikes Back",https://www.imdb.com/title/tt0080684,Film,8.7,124,1980,"Fantasy, Science-Fiction, Abenteuer, Action",1495582,"1980-12-11","Irvin Kershner"
tt0076759,10,2023-07-23,"Krieg der Sterne","Star Wars",https://www.imdb.com/title/tt0076759,Film,8.6,121,1977,"Science-Fiction, Abenteuer, Fantasy, Action",1560788,"1978-02-09","George Lucas"
tt0120915,7,2023-07-23,"Star Wars: Episode I - Die dunkle Bedrohung","Star Wars: Episode I - The Phantom Menace",https://www.imdb.com/title/tt0120915,Film,6.5,136,1999,"Fantasy, Science-Fiction, Abenteuer, Action",920779,"1999-08-19","George Lucas"
tt12708542,8,2023-07-23,"Star Wars: The Bad Batch","Star Wars: The Bad Batch",https://www.imdb.com/title/tt12708542,Fernsehserie,7.8,30,2021,"Animation, Science-Fiction, Action, Abenteuer, Drama, Fantasy",65603,"2021-05-04",
tt2527338,3,2023-07-23,"Star Wars - Episode IX: Der Aufstieg Skywalkers","Star Wars: Episode IX - The Rise of Skywalker",https://www.imdb.com/title/tt2527338,Film,6.3,141,2019,"Science-Fiction, Action, Abenteuer, Fantasy",537984,"2019-12-18","J.J. Abrams"
tt0458290,10,2023-07-23,"Star Wars: The Clone Wars","Star Wars: The Clone Wars",https://www.imdb.com/title/tt0458290,Fernsehserie,8.5,23,2008,"Animation, Action, Abenteuer, Drama, Fantasy, Science-Fiction",141845,"2008-11-23",
tt2930604,8,2023-07-23,"Star Wars Rebels","Star Wars Rebels",https://www.imdb.com/title/tt2930604,Fernsehserie,8.1,22,2014,"Animation, Action, Abenteuer, Science-Fiction, Fantasy, Familienfilm",67793,"2014-10-03",
tt7366338,9,2023-07-23,"Chernobyl","Chernobyl",https://www.imdb.com/title/tt7366338,Miniserie,9.3,60,2019,"Drama, Geschichte, Thriller",1020780,"2019-05-14",
tt3032476,10,2023-07-23,"Better Call Saul","Better Call Saul",https://www.imdb.com/title/tt3032476,Fernsehserie,9.0,45,2015,"Krimi, Drama",819215,"2015-02-11",
tt15398776,8,2023-07-23,"Oppenheimer","Oppenheimer",https://www.imdb.com/title/tt15398776,Film,8.2,180,2023,"Biografie, Drama, Geschichte",1009453,"2023-07-20","Christopher Nolan"
